id;department_name;account_number;account_type
1;Pa'anga program;vortals;vortals
2;Strategist Bedfordshire optical;Money Market Account Self-enabling;invoice
3;Outdoors strategize Rubber;Program;Tuna hard drive
4;Administrator turquoise;SDD;Fresh Sweden
5;Graphic Interface;Engineer workforce Avon;Licensed e-markets enable
6;JSON calculate connect;Wyoming incentivize Missouri;Home Incredible Metal Ball
7;enable Research;Plastic;Berkshire
8;New Mexico solution efficient;monitor Ergonomic compress;sexy pixel Cotton
9;extensible deposit Nevada;Intelligent;Buckinghamshire
10;one-to-one Turkey Gambia;FTP program;Steel Investment Account
